JAKE,This,job,is,eating,me,alive,I,cant,breathe,anymore,
JAKE,I,spent,all,these,years,trying,to,be,the,good,guy,the,man,in,the,white,hat,Im,not,becoming,like,them,I,am,them,
AMY,What,are,you,doing,weirdo,
JAKE,Im,doing,the,best,speech,from,Donnie,Brasco,Actually,ten,of,me,are,doing,the,best,speech,from,Donnie,Brasco,Sup,
AMY,Get,it,together,man,All,ten,of,you,
AMY,Store,was,hit,about,two,hours,ago,Perps,disabled,the,alarm,
JAKE,Sorry,My,bad,
AMY,Id,like,a,list,of,your,employees,anyone,who,had,access,to,the,store,Id,also,like,to,apologize,for,my,partner,His,parents,didnt,give,him,enough,attention,
JAKE,DO,YOU,BELIEVE,IN,LIFE,AFTER,LOVE,
AMY,Dude,seriously,
JAKE,I,know,not,my,first,choice,either,but,its,stuck,Got,any,other,songs,Ahmed,
AHMED,No,is,broken,You,want,it,Onefifty,for,you,Works,perfect,
JAKE,You,literally,just,said,it,was,brokenI,THINK,THIS,ROBBRY,WAS,A,SMASH,AND,GRAB,I,REALLY,BELIEVE,IT,WAS,A,SMASH,AND,GRAB,OH,
AMY,Really,Cher,I,think,it,was,an,inside,job,Prove,me,wrong,
JAKE,A,challenge,Is,this,a,challenge,I,love,challenges,The,door,and,the,register,were,both,forced,and,they,tripped,a,motion,sensor,ie,not,an,inside,job,
AMY,Or,its,an,inside,job,meant,to,look,like,a,smash,and,grab,
JAKE,Sorry,Were,looking,for,three,white,males,one,of,whom,has,tatt,sleeves,on,both,arms,
AMY,And,how,do,you,know,that,dare,I,ask,
JAKE,I,had,a,confidential,informant,on,the,inside,He,spent,years,right,here,in,this,sale,bin,watching,learning,waiting,His,code,name,is,Fuzzy,Cuddle,Bear,And,hes,a,nanny,cam,
AMY,Ugh,You,got,lucky,
JAKE,You,know,what,they,say,Luck,is,95,talent,5,being,awesome,
AMY,No,ones,ever,said,that,
JAKE,Whelp,we,did,it,Fuzzy,We,got,em,You,can,come,home,now,
AMY,All,right,
JAKE,I,strangled,a,Mr,Potato,Head,with,my,bare,hands,Oh,God,what,have,I,become,
TERRY,All,right,Lets,get,started,
TERRY,Quiet,please,Come,on,guys,I,dont,want,to,have,to,raise,my,voice,Rosa,
ROSA,Shut,up,Everyone,shuts,up,
TERRY,Thank,you,Rosa,First,off,Gina,has,some,administrative,announcements,
GINA,Thank,you,Thank,you,No,need,to,applaud,First,of,all,starting,today,theres,a,new,claim,form,for,lost,equipment,Sadly,I,have,misplaced,it,
GINA,But,seriously,I,do,not,know,where,I,put,those,forms,If,you,see,them,let,me,know,Also,my,dance,troupe,Floorgasm,is,performing,at,the,Atlantic,Antic,on,Sunday,Please,come,watch,me,dance,unless,you,are,an,old,pervert,
TERRY,Thank,you,Gina,Open,cases,you,closed,the,electronics,store,robbery,from,last,week,
JAKE,Patrol,picked,up,all,three,mopes,yesterday,Sarge,Would,you,like,to,do,the,honor,
AMY,I,hate,this,I,hate,this,Enjoy,it,while,it,lasts,
JAKE,I,will,
TERRY,JP,update,on,the,Morgenthau,murder,
JAKE,Early,this,morning,someone,decided,to,shoot,and,kill,luxury,food,importer,Harry,Morgenthau,Body,was,discovered,by,his,cleaning,lady,During,her,interview,using,expert,detective,work,I,deduced,that,she,had,something,super,gross,on,her,chin,I,took,a,picture,of,it,as,evidence,
CHARLES,I,think,it,was,flan,
JAKE,Charles,thinks,it,was,flan,I,think,it,was,butterscotch,pudding,
ROSA,Maybe,it,was,just,like,that,old,person,gunk,You,know,the,way,theyre,always,covered,in,gunk,Oldies,are,gross,
TERRY,How,about,we,focus,on,the,murder,instead,of,the,old,person,gunk,
AMY,Crime,techs,are,at,the,scene,now,were,heading,back,in,a,few,minutes,
TERRY,I,want,the,four,of,you,on,this,its,gonna,be,priority,one,for,new,CO,
ROSA,Tell,us,about,this,new,captain,You,worked,with,him,before,right,
TERRY,Years,ago,Captain,Holt,will,be,here,soon,Hell,want,to,introduce,himself,
AMY,Well,as,soon,as,hes,settled,in,I,have,a,presentation,for,him,Crimestat,analysis,for,the,precinct,and,some,strategy,proposals,
JAKE,Oh,are,you,hoping,to,be,put,in,charge,of,the,Brown,Noser,Squad,Sergeant,Asskisser,
CHARLES,Yeah,then,maybe,one,day,you,can,be,Lieutenant,Asskisser,on,the,Brown,Noser,Squad,
JAKE,Thats,exactly,what,I,said,
CHARLES,Great,minds,right,
TERRY,Put,the,murder,down,guys,Dismissed,
CHARLES,Hey,Gina,you,know,any,scalpers,I,want,to,buy,tickets,for,the,Rihanna,concert,for,me,and,Rosa,but,theyre,sold,out,
GINA,Okay,yeah,two,points,to,make,here,First,Rihanna,You,Rihanna,
CHARLES,Yes,Whats,your,second,point,
GINA,That,youre,wasting,your,time,Shes,got,a,type,which,is,anyone,but,you,
CHARLES,Yeah,that,was,my,exwifes,type,too,
GINA,A,Rihanna,concert,is,a,pretty,big,swing,man,Shes,into,watching,old,movies,Maybe,start,there,
CHARLES,Cool,Where,would,I,find,a,place,that,shows,old,movies,
GINA,Just,go,on,the,internet,and,search,for,the,phrase,I,want,to,buy,two,movie,tickets,for,a,girl,who,doesnt,like,me,
CHARLES,I,dont,even,need,to,add,the,zip,code,or,something,
JAKE,Just,got,these,crime,scene,photos,look,at,the,victims,socks,
AMY,What,I,dont,see,anything,
JAKE,No,just,theyre,super,nice,socks,right,Where,do,you,get,socks,like,that,I,have,the,worst,socks,
AMY,Hey,have,you,heard,anything,about,the,new,captain,
JAKE,No,and,I,dont,care,Terry,runs,the,detective,squad,and,hes,great,
AMY,Terrys,an,emotional,wreck,
JAKE,Yes,but,hes,our,emotional,wreck,I,wish,Captain,McGintly,had,never,left,He,was,the,best,
AMY,He,was,terrible,You,just,liked,him,because,he,let,you,do,anything,you,wanted,
MCGINTLEY,What,the,hell,are,you,doing,
JAKE,Fire,extinguisher,roller,chair,derby,
MCGINTLEY,Okay,
ROSA,annnnnd,go,
AMY,If,Im,ever,gonna,make,captain,I,need,a,good,mentor,I,need,my,rabbi,
JAKE,Sorry,dude,This,new,guys,gonna,be,a,washedup,pencil,pusher,whos,forgotten,how,to,be,a,cop,and,is,only,concerned,with,following,every,rule,in,the,Patrol,Guide,meep,morp,robot,captain,engage,
HOLT,Is,that,what,you,think,
JAKE,Hey,You,must,be,the,new,CO,Detective,Jake,Peralta,Great,to,meet,you,
HOLT,Dont,let,me,interrupt,You,were,describing,what,kind,of,person,Im,going,to,be,Id,like,you,to,finish,
JAKE,Well,lemme,see,washedup,pencil,pusher,forgotten,how,to,be,a,cop,I,think,I,was,done,actually,
HOLT,Okay,Now,do,the,robot,voice,The,robot,voice,you,were,doing,when,you,implied,Im,a,rulefollowing,robot,I,want,to,hear,it,again,
JAKE,Meep,morp,zeep,robot,
HOLT,Thats,a,terrible,robot,voice,And,the,next,time,I,see,you,Id,like,you,to,be,wearing,a,necktie,
JAKE,Our,old,captain,didnt,care,if,we,wore,ties,
HOLT,Well,your,new,captain,does,And,more,importantly,he,cares,that,you,follow,his,direct,orders,Everyone,Im,your,new,commanding,officer,Captain,Ray,Holt,
AMY,Speech,Speech,
HOLT,That,was,my,speech,Sergeant,Jeffords,a,word,
AMY,I,love,that,guy,
GINA,Yeah,hes,really,suave,Anyone,else,get,kind,of,a,gay,vibe,
HOLT,Sergeant,You,were,in,the,18th,with,me,Though,you,were,significantly,
TERRY,Fatter,sir,They,called,me,Terry,Titties,Because,I,had,large,
HOLT,Titties,Yes,I,remember,I,never,liked,that,nickname,Though,to,be,fair,it,was,accurate,Says,here,youre,on,administrative,leave,
TERRY,A,year,ago,my,wife,and,I,had,twin,baby,girls,Cagney,and,Lacey,Ever,since,Ive,kind,of,clenched,up,Lost,my,edge,There,was,an,incident,
TERRY,You,go,in,first,Im,feeling,jumpy,
JAKE,What,You,always,go,in,first,Look,at,you,those,biceps,dont,go,in,second,
JAKE,I,think,hes,dead,
TERRY,Its,been,a,year,and,I,havent,
HOLT,Tell,me,about,your,detective,squad,
TERRY,Scully,Hitchcock,and,Daniels,Theyre,pretty,much,worthless,But,they,make,good,coffee,
HOLT,Copy,that,
TERRY,Now,the,good,ones,Rosa,Diaz,tough,smart,hard,to,read,and,scary,as,hell,
ROSA,Tell,me,who,has,me,for,Secret,Santa,
HITCHCOCK,No,That,takes,all,the,fun,out,of,it,
HITCHCOCK,Its,Scully,He,got,you,a,scarf,Its,blue,and,ugly,Ill,make,him,return,it,
TERRY,Charles,Boyle,hes,a,grinder,Not,the,most,brilliant,detective,but,he,works,harder,than,anyone,else,Hes,not,physically,gifted,
CHARLES,Awww,man,My,muffin,
CHARLES,Ow,My,head,My,muffin,and,my,head,
TERRY,Amy,Santiago,first,girl,cop,in,a,family,of,cops,Gets,underestimated,because,of,her,looks,so,shes,always,trying,to,prove,shes,tough,
AMY,You,think,I,cant,handle,this,much,hot,sauce,I,can,handle,way,more,than,this,
AMY,In,your,face,
SCULLY,I,didnt,say,anything,
TERRY,She,and,Peralta,have,some,big,bet,over,who,gets,more,arrests,this,year,At,first,I,objected,but,ever,since,the,bet,their,numbers,have,gone,way,up,
HOLT,Tell,me,about,Peralta,
TERRY,Jacob,Peralta,is,my,best,detective,he,likes,putting,away,bad,guys,and,he,loves,solving,puzzles,The,only,puzzle,he,hasnt,solved,is,how,to,grow,up,
HOLT,Thats,very,well,put,
TERRY,Ive,talked,a,lot,about,Jake,in,my,departmentallymandated,therapy,sessions,
HOLT,They,finally,gave,me,my,shot,Terry,You,know,my,history,you,know,how,important,this,is,to,me,This,precinct,is,doing,fine,But,I,want,to,make,it,the,best,in,Brooklyn,And,I,need,your,help,
TERRY,Absolutely,sir,Where,do,we,start,
HOLT,We,start,with,him,
JAKE,Okay,Perp,came,in,through,the,window,left,that,muddy,footprint,broke,that,cabinet,hold,on,hold,on,Is,everyone,wearing,a,necktie,Because,its,impossible,to,solve,crimes,if,youre,not,wearing,a,tie,
AMY,Shell,casings,found,here,Two,shots,Bang,bang,
JAKE,I,concur,Good,work,detective,You,get,a,tie,
CHARLES,Thats,mine,You,took,it,out,of,my,desk,
JAKE,Thats,right,Boyle,Good,solve,
CHARLES,Thanks,
AMY,Shut,up,about,Holt,that,man,is,going,to,be,my,rabbi,
JAKE,First,of,all,its,very,weird,to,hear,a,Cuban,woman,refer,to,an,African,American,man,as,her,rabbi,Secondly,your,rabbis,a,pain,in,my,ass,
CHARLES,Yeah,hes,a,little,too,serious,What,do,you,think,Rosa,
ROSA,Seems,cool,
CHARLES,Yeah,seems,cool,I,agree,
ROSA,Looks,like,the,perp,stole,a,computer,a,watch,and,a,jamon,iberico,ham,valued,at,what,Six,thousand,bucks,
JAKE,A,ham,for,6000,Is,it,from,a,talking,pig,Is,it,made,out,of,Babe,Pig,in,the,City,
CHARLES,Jamon,iberico,is,an,amazing,cured,ham,from,Spain,They,had,it,at,my,uncles,funeral,I,gorged,myself,at,that,funeral,I,was,constipated,for,three,days,Rest,in,peace,Uncle,Johnny,
JAKE,A,murder,and,a,ham,heist,Things,just,got,interesting,This,is,Captain,Ray,Holt,Were,gonna,need,some,extra,ties,
HOLT,Speaking,of,ties,wheres,yours,MeepMorp,
JAKE,You,gotta,be,kidding,me,Hi,Captain,What,are,you,doing,here,
HOLT,I,like,to,know,what,my,detectives,are,up,to,Take,Santiago,and,knock,on,doors,see,if,the,neighbors,heard,anything,
JAKE,Door,duty,Its,a,waste,of,time,
HOLT,Diaz,and,Boyle,check,in,with,the,coroner,Report,back,to,me,in,an,hour,
JAKE,I,think,hes,starting,to,like,me,
HOLT,No,Im,not,
CHARLES,Hey,Rosa,I,just,happened,to,notice,theres,an,old,movie,festival,at,the,Film,Forum,this,week,You,want,to,go,
ROSA,Sure,
CHARLES,Cool,Awesome,Theres,a,bunch,of,movie,options,so,Ill,send,you,those,options,and,you,can,pick,an,option,and,we,will,watch,that,option,
ROSA,You,just,pick,
CHARLES,Yeah,I,can,definitely,do,that,Ill,probably,just,go,with,something,classic,Like,Citizen,Kane,
ROSA,Citizen,Kane,is,terrible,Pick,a,good,movie,
CHARLES,Its,every,critics,favorite,movie,
JAKE,Let,the,wasting,of,time,begin,
AMY,As,my,grandpa,used,to,say,You,gotta,smell,a,lot,of,feet,before,you,find,the,sixtoed,prince,
JAKE,What,
AMY,Cubas,a,weird,place,It,means,you,gotta,put,in,the,work,if,you,want,the,reward,
JAKE,The,reward,is,a,sixtoed,prince,
AMY,Hello,sir,can,we,ask,you,a,few,questions,
BUNDER,Definitely,Im,actually,super,glad,you,guys,are,here,Are,you,smelling,that,weed,smell,A,dude,just,broke,in,here,smoked,weed,and,bolted,
JAKE,Yeah,that,checks,out,
AMY,What,is,your,name,
BRJKOL,My,name,Brjkolj,BRJKOLJ,
JAKE,So,just,like,it,sounds,
AMY,Have,you,ever,seen,this,man,before,He,was,shot,last,night,
BRJKOL,Thank,you,Brjkolj,like,
AMY,Sir,Thats,ours,We,need,that,And,he,kept,it,
JAKE,Has,anyone,in,the,history,of,police,work,ever,solved,a,crime,by,doing,door,duty,
AMY,First,of,all,yes,Many,many,times,Secondly,my,dad,met,my,mom,doing,door,duty,in,Queens,
JAKE,Well,I,doubt,youre,going,to,meet,thefuture,Mr,Santiago,in,this,hallway,
AMY,I,dont,know,Wall,Street,Journal,on,the,doormat,corner,apartment,Twenty,bucks,says,this,guys,like,a,hot,banker,
JAKE,Ill,take,that,action,Police,open,up,please,
OLD MAN,Hello,
JAKE,Hello,sir,My,name,is,Detective,RightAllTheTime,and,this,is,my,partner,Detective,Terribledetective,
AMY,We,were,wondering,if,you,heard,anything,unusual,last,night,And,are,you,single,
OLD MAN,Yes,But,Im,also,dying,
HOLT,So,Gina,in,my,experience,civilian,administrators,such,as,yourself,often,have,their,ear,to,the,ground,What,do,Santiago,and,Peralta,have,riding,on,this,bet,of,theirs,
GINA,Ill,tell,you,on,six,conditions,Number,One,you,let,me,use,your,office,to,practice,m,dance,moves,Second,
HOLT,How,about,this,if,you,tell,me,I,wont,have,you,suspended,without,pay,
GINA,That,sounds,great,The,bet,is,if,Amy,gets,more,arrests,Jake,has,to,give,her,his,car,Its,an,old,Mustang,pretty,sweet,If,he,gets,more,arrests,she,has,to,go,on,a,date,with,him,
HOLT,Just,one,date,
GINA,He,guarantees,itll,end,in,sex,She,says,it,wont,I,dont,know,though,Jakes,got,some,moves,Id,bet,on,at,least,some,overtheclothes,action,
HOLT,Thats,enough,Thank,you,Gina,
GINA,I,think,you,would,get,a,real,kick,out,of,my,jams,
HOLT,You,cannot,dance,in,my,office,
GINA,Copy,that,
CHARLES,No,surprises,from,the,coroner,Two,gunshots,shoulder,and,chest,
JAKE,None,of,the,neighbors,heard,or,saw,anything,And,whats,worse,Santiago,struck,out,with,a,90,yearold,Hard,It,was,embarrassing,
HOLT,All,right,Hit,the,pawn,shops,Canvas,the,neighborhood,And,while,youre,out,you,can,buy,yourself,a,tie,
JAKE,Oh,Im,wearing,a,tie,right,now,Check,it,out,Secret,tie,
HOLT,First,of,all,youre,kind,of,overdoing,it,on,the,manscaping,But,more,importantly,why,do,you,refuse,to,take,my,orders,seriously,Detective,
JAKE,Because,sir,if,youre,wound,too,tight,you,end,up,like,Terry,
TERRY,Daddys,gonna,be,home,soon,I,love,you,I,just,love,you,so,much,
JAKE,Crying,at,your,desk,and,playing,with,sock,puppets,
HOLT,Theres,a,middle,ground,Detective,Does,anyone,here,know,why,its,important,to,me,that,you,dress,appropriately,And,it,has,nothing,to,do,with,the,Patrol,Guide,
ROSA,Guys,look,good,in,ties,
CHARLES,Yes,they,do,Im,wearing,one,right,now,
AMY,Show,respect,for,the,job,Pride,Confidence,Happiness,
JAKE,Are,we,just,naming,positive,things,Rainbows,Kittens,Thanksgiving,dinner,
HOLT,Hmm,Four,highlytrained,detectives,and,not,one,of,you,can,solve,this,simple,mystery,I,want,to,be,briefed,on,any,new,angles,Any,questions,
JAKE,Well,I,was,curious,whether,you,thought,I,was,doing,too,much,manscaping,and,apparently,you,do,so,Im,good,
JAKE,Hey,what,about,that,expensive,jamon,ibercrap,stuff,The,perp,left,a,really,expensive,TV,behind,but,stole,ham,Is,there,a,place,near,the,crime,scene,that,sells,it,
CHARLES,Beneficios,might,Their,cured,meats,section,is,ridiculous,Though,I,mainly,think,of,it,as,a,gelato,place,
JAKE,Stop,talking,Lets,go,
CHARLES,You,gotta,brief,the,CO,first,
JAKE,Well,brief,him,after,we,catch,the,guy,
RATKO,My,name,is,Ratko,I,dont,know,anything,
JAKE,Okay,Ratko,Just,a,few,questions,Do,you,recognize,him,Henry,Morgenthau,
RATKO,No,
JAKE,Look,at,the,picture,first,maybe,Ratko,
RATKO,I,tell,you,I,dont,know,him,I,dont,know,what,happened,No,more,questions,
JAKE,Okay,Ill,tell,you,what,happened,He,came,by,and,said,he,had,some,hams,to,sell,You,knew,they,were,worth,a,lot,of,money,so,you,tried,to,rob,him,when,he,wasnt,home,Only,he,was,home,and,he,fought,back,so,you,shot,him,Am,I,close,Nod,your,giant,caveman,head,and,drool,if,Im,close,
JAKE,Oh,man,I,hate,running,Ratko,stop,Stop,Ratko,
JAKE,Ow,Ratko,Im,getting,mad,
CHARLES,Thats,thirty,dollar,marmalade,
RATKO,I,not,mean,to,kill,It,not,my,fault,
JAKE,Okay,Okay,I,believe,you,Be,cool,
CHARLES,It,really,is,the,best,gelato,in,the,city,
TERRY,What,the,hell,happened,And,whats,on,your,face,
CHARLES,Passion,fruit,sorbet,
JAKE,Good,news,is,we,found,the,murderer,Ratko,Slovic,a,Serbian,butcher,Robbery,gone,bad,He,confessed,and,everything,
HOLT,I,dont,see,a,Serbian,butcher,in,here,so,I,assume,theres,bad,news,
JAKE,Charles,and,I,may,have,allowed,Ratko,to,escape,But,one,more,piece,of,good,news,
JAKE,singsongy,I,got,you,some,hazelnut,
JAKE,Hes,seriously,assigning,me,to,the,records,room,Why,do,we,even,have,a,records,room,The,computer,has,been,invented,right,
TERRY,Youre,lucky,man,I,wish,I,could,get,assigned,here,full,time,You,could,not,be,farther,from,the,action,
JAKE,Sergeant,you,know,me,I,have,more,arrests,than,anyone,Can,you,please,tell,the,captain,how,dumb,it,is,to,lock,his,best,detective,in,a,file,cabinet,
AMY,Second,best,
TERRY,Youre,wrong,about,Holt,That,man,has,forgotten,more,about,being,a,cop,than,youll,ever,know,In,1981,he,caught,the,Disco,Strangler,
HOLT,Its,over,Disco,Man,Put,down,the,yoyo,and,back,away,from,the,girl,
TERRY,Hes,the,real,deal,You,should,listen,to,him,
AMY,Its,gonna,be,hard,to,win,our,bet,when,youre,on,the,bench,Peralta,Although,I,did,start,a,new,category,
AMY,Look,at,that,Youre,winning,
JAKE,Slam,That,was,a,slam,Pretend,that,slammed,
ROSA,So,What,movie,did,you,get,tickets,to,
CHARLES,Well,just,to,be,safe,I,bought,tickets,to,all,of,them,
ROSA,Just,to,be,safe,What,does,that,mean,
CHARLES,I,dont,know,I,didnt,want,to,mess,up,because,youre,sort,of,opinionated,
ROSA,You,think,Im,opinionated,Okay,heres,an,opinion,for,you,youre,a,bad,judge,of,character,and,your,shirt,looks,like,vomit,
CHARLES,So,we,could,see,North,by,Northwest,
ROSA,We,are,not,seeing,a,movie,together,
CHARLES,Sounds,good,
HOLT,So,you,found,something,I,like,the,tie,
JAKE,I,was,skeptical,but,it,really,did,make,a,difference,in,my,work,I,think,I,found,something,interesting,in,these,files,Here,let,me,show,you,
HOLT,Im,glad,youve,made,progress,in,the,case,Lets,have,you,brief,the,team,Holt,grabs,Jakes,pants,and,heads,towards,the,bullpen,
JAKE,Thats,not,necessary,
JAKE,Yes,Well,Thank,you,all,for,coming,Including,oh,Craig,our,crime,scene,photographer,
JAKE,Great,So,After,being,unfairly,tossed,into,the,records,room,for,no,reason,I,got,so,bored,I,started,reading,some,old,cases,
HOLT,A,novel,idea,
JAKE,Ratko,was,a,madeup,name,but,after,looking,through,a,million,files,one,of,which,I,literally,found,in,a,spiderweb,I,found,a,bunch,of,references,to,a,Serbian,thug,street,names,The,Rat,and,The,Butcher,Suspect,in,a,few,breakins,used,to,hang,out,at,a,storage,unit,near,Boerum,Parkwhich,has,red,soil,hence,the,muddy,red,footprints,on,Monganthaus,counter,Also,I,am,freezing,Can,I,put,my,pants,on,now,
HOLT,Fine,work,Detective,Lets,give,Peralta,a,hand,everyone,
JAKE,Thank,you,Thanks,Thats,nice,
AMY,No,record,of,Ratko,on,their,ledger,Must,have,used,cash,
HOLT,Maybe,well,get,lucky,and,hell,turn,up,
JAKE,Well,I,for,one,am,very,excited,to,be,on,a,stakeout,with,you,Captain,You,know,what,my,fave,part,of,stakeouts,is,Patrol,guide,says,casual,dress,
HOLT,Does,he,always,talk,this,much,
AMY,I,just,tune,it,out,Its,like,a,white,noise,machine,
JAKE,First,off,thats,racist,Second,of,all,you,caught,the,Disco,Strangler,right,That,dude,wrapped,a,lot,of,yoyos,around,a,lot,of,hookers,necks,Nice,collar,But,the,thing,I,cant,understand,is,young,superstar,detective,takes,down,a,serial,killer,whyd,it,take,you,so,long,to,get,your,first,command,
HOLT,Because,Im,gay,
JAKE,Seriously,
HOLT,Im,surprised,you,didnt,know,I,dont,try,to,hide,it,
JAKE,Damn,I,am,not,a,good,detective,
ROSA,Hey,I,feel,bad,that,you,spent,all,that,money,on,movie,tickets,Take,this,
CHARLES,Why,dont,you,just,come,to,the,movies,
ROSA,No,thanks,
CHARLES,Okay,Well,This,is,awkward,
ROSA,Its,not,awkward,I,like,your,company,Youre,sweet,
JAKE,Captain,when,I,had,my,pants,off,in,no,way,was,I,I,didnt,know,about,your,gay,gayness,
HOLT,I,know,Peralta,Youre,a,lot,of,things,but,youre,not,a,homophobe,
AMY,When,did,you,come,out,
HOLT,About,twentyfive,years,ago,The,NYPD,was,not,ready,for,an,openly,gay,detective,Then,the,old,guard,died,and,suddenly,they,couldnt,wait,to,show,off,the,fact,that,they,had,a,highranking,gay,officer,I,made,captain,but,they,put,me,into,a,public,affairs,unit,I,was,a,good,soldier,helped,recruitment,but,all,I,ever,wanted,was,a,command,Now,I,finally,got,one,and,Im,not,going,to,screw,it,up,
JAKE,I,feel,dumb,
AMY,My,God,I,have,to,thank,you,Captain,because,at,this,moment,Peralta,is,feeling,humility,for,maybe,the,first,time,in,his,life,Arent,you,JP,
JAKE,Frankly,yes,I,am,and,Captain,Im,sorry,But,also,look,theres,Ratko,Humility,over,Im,amazing,
HOLT,Go,
AMY,He,couldnt,lock,himself,in,Split,up,and,find,the,ones,that,are,unlocked,
HOLT,Looks,like,we,all,got,door,duty,
JAKE,I,see,what,you,did,there,Nice,
PARROT,Im,lonely,
JAKE,Hang,in,there,buddy,
JAKE,Hello,Ratko,
RATKO,You,cant,stop,me,Im,going,
JAKE,Youre,not,going,actually,Because,if,youll,just,take,a,quick,peek,to,your,right,youll,see,Detectives,Boyle,and,Diaz,
JAKE,Over,there,is,Detective,Santiago,And,behind,you,is,Captain,Holt,Can,you,believe,that,A,captain,on,a,stakeout,Hes,kind,of,a,handson,dude,Point,is,we,have,you,surrounded,oh,my,God,I,figured,out,the,tie,thing,Captain,hey,I,figured,it,out,
HOLT,Maybe,nows,not,the,best,time,Detective,
JAKE,Its,a,uniform,Were,a,team,and,ties,are,part,of,the,uniform,for,that,team,Right,
RATKO,You,ask,Ratko,what,team,
JAKE,No,Ratko,shut,up,Its,important,to,you,because,you,were,kept,off,that,team,and,now,youre,the,coach,and,you,want,us,all,to,wear,the,same,uniform,Boom,I,nailed,it,
HOLT,Yes,you,did,Now,please,arrest,Ratko,
JAKE,Oh,right,Cool,Okay,Ratko,gun,down,Get,on,the,ground,and,put,your,hands,on,your,
JAKE,Ugh,I,hate,running,
AMY,Got,him,
JAKE,Thats,how,we,do,things,in,the,ninenine,Captain,We,catch,bad,guys,and,we,look,good,doing,it,
HOLT,Whats,wrong,with,you,
JAKE,Never,took,off,the,speedo,Huge,mistake,It,is,inside,me,Great,job,team,
HOLT,And,whats,this,all,about,Detective,
JAKE,Oh,the,tux,Im,done,with,work,This,is,how,I,dress,in,my,free,time,
HOLT,You,did,well,today,Peralta,But,youre,going,to,need,a,little,more,humility,if,youre,going,to,make,captain,one,day,
AMY,Him,If,anyones,going,to,make,captain,in,this,bar,its,me,And,you,Captain,because,you,are,a,captain,
JAKE,Yeah,I,dont,want,your,job,Thats,the,last,thing,I,want,
HOLT,Okay,Guess,I,was,mistaken,The,beers,are,on,him,
GINA,Howd,it,go,with,Rosa,
CHARLES,We,will,not,be,seeing,a,movie,But,and,this,is,big,she,called,me,sweet,Sweets,pretty,good,right,
GINA,Sweets,not,good,Grow,a,pair,
JAKE,Gotta,give,it,up,Santiago,took,him,down,hard,Well,done,It,was,sexy,I,was,very,into,it,
AMY,Ugh,just,when,youre,being,sincere,you,ruin,everything,
JAKE,Yeah,thats,kind,of,my,move,
TERRY,Hoo,boy,So,glad,I,was,not,there,
HOLT,I,think,you,wouldve,handled,yourself,just,fine,
HOLT,Every,cop,is,different,Every,precinct,is,different,But,this,is,the,ninenine,You,want,to,be,on,this,team,You,grind,it,Get,cases,work,cases,solve,cases,The,right,way,To,the,detectives,of,the,ninenine,
JAKE,And,to,Captain,Holts,best,detective,Jake,Peralta,
JAKE,ah,captain,youre,at,my,desk,
JAKE,just,what,i,wanna,see,first,thing,in,the,morning,
HOLT,youre,three,minutes,late,peralta,
JAKE,not,my,fault,i,had,a,plumbing,problem,
JAKE,which,reminds,me,im,gonna,need,a,new,departmentally,issued,phone,
JAKE,oh,come,on,really,im,a,few,minutes,late,so,youre,gonna,call,me,out,in,front,of,everyone,
HOLT,good,idea,everyone,
HOLT,gather,round,so,i,can,call,out,peralta,in,front,of,you,
JAKE,okay,finei,was,three,minutes,late,
JAKE,im,sorry,for,doing,one,thing,wrong,
HOLT,oh,its,more,than,one,thing,
JAKE,uh,oh,
HOLT,lets,start,with,the,kristov,murder,
JAKE,it,was,an,amazing,solve,i,got,him,to,confess,in,20,minutes,
HOLT,you,also,mislabeled,the,evidence,so,that,confession,is,worthless,
HOLT,if,the,sergeant,hadnt,caught,your,mistake,
HOLT,here,are,three,cases,with,sloppy,paperwork,
HOLT,here,are,two,pictures,one,is,your,locker,the,other,is,a,garbage,dump,in,the,philippines,
HOLT,can,you,tell,which,is,which,
JAKE,that,ones,the,dump,
HOLT,theyre,both,your,locker,
JAKE,gah,i,shouldve,guessed,that,
ROSA,hes,good,
HOLT,this,folder,is,labeled,undies,dirty,
JAKE,so,i,wont,confuse,it,with,undies,clean,also,who,cares,about,all,these,rules,
JAKE,i,have,more,felony,arrests,than,any,other,detective,here,
HOLT,you,also,have,more,mice,living,in,your,desk,than,any,other,detective,
JAKE,algernon,
JAKE,you,guys,algernons,back,
HOLT,get,rid,of,the,mouse,and,get,your,act,together,now,
JAKE,hes,grumpy,
JAKE,I,work,best,alone,except,when,it,comes,to,sex,but,sometimes,including,sex,
JAKE,I,love,your,face,and,I,love,your,butt,
JAKE,For,the,last,time,orangina,is,not,orange,soda,
HOLT,Wuntch,time,is,over,no,regrets,
HOLT,Ive,worked,the,better,part,of,my,years,on,earth,overcoming,every,prejudice,and,fighting,for,the,position,I,hold,and,now,I,feel,it,being,ripped,from,my,grasp,and,with,it,the,very,essence,of,what,defines,me,as,a,man,
HOLT,I,went,back,to,my,office,to,do,everyones,paperwork,but,I,did,no,paperwork,I,started,to,plot,my,revenge,
HOLT,I,have,original,no,flavor,and,whole,wheat,no,flavor,
ROSA,Im,going,to,break,those,little,fingers,
ROSA,no,one,knows,where,I,live,
ROSA,If,anything,happened,I,would,kill,everyone,in,this,room,
ROSA,Grandpa,beat,cancer,so,now,I,look,like,an,idiot,
ROSA,I,just,forget,stuff,like,a,cool,person,
ROSA,Id,rather,walk,into,the,freezing,ocean,
ROSA,Im,gonna,punch,him,so,hard,in,the,mouth,
GINA,Hi,Gina,Linetti,the,human,form,of,the,100,Emoji,
GINA,In,a,way,we,were,all,Gina,Linetti,today,
GINA,My,mom,is,marrying,shudder,Charles,dad,toilet,emoji,
GINA,Ew,What,can,Charles,Boyle,do,that,I,cant,
GINA,I,am,prepared,to,light,Charles,on,fire,in,protest,
ROSA,All,smiling,is,horrible,
ROSA,I,doused,your,beard,in,chloroform,
ROSA,Friendship,is,crap,
ROSA,I,am,beating,the,hell,out,of,him,
ROSA,Your,entire,life,is,garbage,
ROSA,My,body,is,terrified,of,me,
ROSA,Anyone,over,the,age,of,six,celebrating,a,birthday,should,go,to,hell,
JAKE,Thats,where,the,bloods,supposed,to,be,
JAKE,Id,like,your,eight,dollarest,bottlest,of,wine,please,
JAKE,Title,of,your,sex,tape,
JAKE,Guys,Captain,Holt,has,no,pants,on,
JAKE,Im,fancy,one,time,I,had,coffee,flavored,ice,cream,
JAKE,You,know,how,Im,kind,of,a,sexy,bad,boy,
JAKE,You,are,orangina,and,I,am,orange,soda,
JAKE,mmkay,there,is,a,correct,answer,
JAKE,so,gather,around,for,the,greatest,cop,film,
TERRY,Okay,squad,the,funerals,at,300,followed,by,a,reception,at,Shaws,Bar,
TERRY,I,want,you,all,on,your,best,behavior,
JAKE,Hey,we,accidentally,startled,a,man,with,a,genetic,heart,condition,
JAKE,If,you,really,think,about,it,
ROSA,He,heard,that,I,speak,Spanish,and,he,made,me,fire,his,housekeeper,
ROSA,She,was,Polish,
AMY,Jake,and,I,were,talking,last,night,
CHARLES,Pillow,talk,alert,Set,the,scene,Spooning,or,facetoface,
AMY,Charles,
CHARLES,Spooning,
AMY,Anyway,we,came,up,with,a,plan,
AMY,Jake,is,going,to,befriend,the,Vulture,
JAKE,Its,trueIm,gonna,bro,down,with,him,
JAKE,If,everything,goes,according,to,plan,we,should,be,beer,pong,doubles,partners,by,the,end,of,the,week,
JAKE,Now,somebody,get,me,a,puka,shell,necklace,Im,going,full,douche,
HOLT,Good,morning,Boyle,Its,HalloweenIm,surprised,you,didnt,put,on,a,costume,
CHARLES,I,was,going,to,sir,but,then,I,decided,screw,that,jazz,
CHARLES,Well,Im,the,only,one,who,ever,dresses,up,no,one,ever,gets,my,costume,and,they,make,fun,of,me,so,Im,done,
CHARLES,These,people,dont,deserve,my,dressup,gifts,
ROSA,What,the,hell,Charles,Wheres,your,Halloween,spirit,
CHARLES,But,you,guys,always,make,fun,of,me,
GINA,I,have,never,once,insulted,you,in,my,life,especially,vis√†vis,your,appearance,
JAKE,Yeah,man,we,always,love,your,costumes,
CHARLES,Sir,permission,to,sprint,to,my,car,and,get,my,emergency,costume,
HOLT,Does,it,matter,if,I,say,no,
CHARLES,no,
JAKE,Attention,squad,today,is,the,most,important,day,in,the,history,of,this,precinct,
JAKE,For,today,is,Halloween,
JAKE,I,thought,we,were,going,to,say,it,together,
HOLT,I,never,agreed,to,that,
JAKE,All,right,
JAKE,As,you,may,know,for,the,past,two,years,Captain,Holt,and,I,have,engaged,in,an,epic,battle,of,wits,The,goal,to,determine,who,must,call,the,other,an,amazing,detective,slash,genius,
HOLT,The,first,year,by,sheer,dumb,luck,Jake,eked,out,a,feeble,victory,
JAKE,And,last,year,I,let,the,captain,win,because,hes,old,and,sad,
HOLT,Sad,because,the,competition,was,so,dismal,
JAKE,Halloween,Heist,III,The,Heistening,Tagline,
HOLT,This,year,we,both,attempt,to,steal,the,same,object,instead,of,Jake,attempting,to,steal,one,from,me,
JAKE,I,gave,you,one,direction,on,the,tagline,snappy,But,yes,we,will,be,attempting,to,steal,the,same,item,this,
HOLT,The,crown,will,be,locked,in,this,briefcase,which,in,turn,will,be,locked,in,the,interrogation,room,
JAKE,We,will,need,help,so,to,be,fair,were,holding,a,draft,The,captain,and,I,have,given,up,our,overtime,so,everyone,who,participates,will,get,the,night,off,Captain,
HOLT,With,the,first,pick,of,the,draft,I,choose,Terry,
AMY,Okay,brawns,over,brains,
JAKE,All,right,I,take,Charles,
AMY,I,get,it,Close,friend,
HOLT,I,pick,Gina,
AMY,Gina,
JAKE,I,take,Rosa,
AMY,What,
AMY,Okay,all,right,Well,Captain,that,leaves,me,with,you,Lets,do,this,
HOLT,Hang,on,Santiago,Im,not,sure,I,can,trust,you,
HOLT,Youre,Peraltas,paramour,maybe,you,should,be,on,his,team,
JAKE,No,no,no,Amy,would,do,anything,to,win,your,approval,including,pretending,to,be,in,a,relationship,with,me,for,the,past,few,weeks,only,to,betray,me,now,
AMY,Jake,you,are,majorly,overthinking,this,
HOLT,By,midnight,whoever,has,the,crown,will,be,the,king,of,the,ninenine,
CHARLES,So,I,see,youve,been,assigned,to,guard,the,briefcase,too,
GINA,Yup,Im,not,supposed,to,let,it,or,you,out,of,my,sight,Charles,if,that,even,is,you,
CHARLES,Ow,thats,my,face,
GINA,Oh,sorryI,thought,it,was,a,cheap,rubber,mask,
CHARLES,Well,I,have,exciting,news,I,found,the,perfect,guy,to,set,you,up,with,
GINA,Charles,After,zero,consideration,Im,happy,to,say,hard,pass,
CHARLES,You,shouldnt,have,to,slowdance,alone,after,family,dinner,
GINA,Charles,its,very,sweet,that,you,want,to,set,me,up,with,someone,but,I,do,not,trust,your,taste,in,guys,at,all,
CHARLES,I,have,spectacular,taste,in,men,
AMY,Hey,Jake,Can,we,talk,
JAKE,Yeah,
AMY,You,really,hurt,my,feelings,by,leaving,me,off,your,team,
JAKE,Oh,I,had,no,idea,you,felt,that,way,
AMY,Well,it,doesnt,feel,great,to,be,left,out,
JAKE,Right,totally,I,get,it,Im,sorry,
JAKE,Captain,Holt,
AMY,What,Why,are,you,yelling,at,my,boobs,
JAKE,Because,thats,where,the,camera,is,
AMY,Theres,no,camera,Jake,I,was,being,serious,
JAKE,Guys,guys,guys,Scully,has,a,mason,jar,full,of,lemonade,
JAKE,Ames,youre,two,minutes,late,I,called,all,the,emergency,rooms,
AMY,I,know,I,went,home,from,your,place,to,shower,and,Im,so,tired,that,I,fell,asleep,while,shaving,my,legs,
JAKE,But,we,went,to,bed,so,early,Property,Brothers,was,over,at,1000,I,mean,sex,
AMY,Who,are,you,talking,to,
JAKE,Precinct,
AMY,Come,on,man,
AMY,Devon,were,cops,Read,the,room,
CHARLES,Hey,guys,I,just,discovered,a,new,drug,too,Its,called,your,relationship,and,Im,high,on,it,
JAKE,Charles,Im,gonna,need,you,to,back,off,man,
CHARLES,Roger,that,
ROSA,Ill,take,one,Now,go,sell,your,candy,to,everyone,else,stupid,
ROSA,Terry,this,is,Sam,my,little,brother,from,Brooklyns,Big,Brothers,
ROSA,No,one,cares,stupid,
